episode,reward,r_acc,r_action
1,-2728.000000,-2728.000000,-80.598210
2,-2789.000000,-2789.000061,-99.354539
3,-2855.888916,-2855.888870,-92.457695
4,-2079.666748,-2079.666656,-101.513138
5,-2599.333496,-2599.333344,-111.414916
6,-3608.222412,-3608.222229,-158.454777
7,-2449.222168,-2449.222183,-92.835075
8,-2586.000000,-2585.999985,-116.482301
9,-3251.222168,-3251.222198,-102.462273
10,-3392.889160,-3392.888916,-96.602407
11,-2229.555664,-2229.555557,-72.927468
12,-2302.555420,-2302.555542,-87.330879
13,-2066.666748,-2066.666710,-118.737829
14,-2902.888916,-2902.888931,-112.013877
15,-2232.444336,-2232.444427,-99.047573
16,-1906.666626,-1906.666611,-102.448344
17,-2585.333496,-2585.333374,-120.964894
18,-2451.111084,-2451.111084,-109.181546
19,-1963.000000,-1963.000000,-94.661293
20,-2404.777832,-2404.777771,-102.677836
21,-2201.444336,-2201.444443,-104.279785
22,-2320.222168,-2320.222214,-104.513906
23,-2134.111084,-2134.111092,-118.209369
24,-2110.111328,-2110.111122,-78.005113
25,-2051.888916,-2051.888885,-106.020990
26,-2597.666748,-2597.666672,-75.647326
27,-1769.444458,-1769.444443,-83.149614
28,-2043.555664,-2043.555603,-92.782014
29,-2249.888916,-2249.888870,-91.709203
30,-2247.222168,-2247.222198,-127.160019
31,-2133.444580,-2133.444397,-130.384471
32,-2160.111084,-2160.111160,-147.528489
33,-2309.555420,-2309.555542,-77.260496
34,-2821.777832,-2821.777802,-105.939481
35,-2363.000000,-2363.000031,-73.643470
36,-1946.555664,-1946.555557,-91.748511
37,-2245.666748,-2245.666687,-88.335358
38,-1585.666626,-1585.666641,-106.167414
39,-1837.777832,-1837.777794,-87.537331
40,-2275.777832,-2275.777802,-94.903628
41,-2015.666748,-2015.666695,-93.731943
42,-2486.222168,-2486.222244,-87.469926
43,-2342.444336,-2342.444473,-109.120316
44,-2109.000000,-2109.000027,-95.620791
45,-2116.111084,-2116.111145,-99.650271
46,-2141.000000,-2141.000046,-108.996143
47,-2206.888916,-2206.888916,-107.270471
48,-1824.777832,-1824.777771,-103.175332
49,-2020.333252,-2020.333298,-83.817645
50,-2016.111084,-2016.111145,-77.120381
51,-1755.444458,-1755.444450,-95.250476
52,-1867.000122,-1866.999969,-83.030601
53,-2263.333496,-2263.333344,-125.623036
54,-2363.000244,-2362.999985,-67.911513
55,-2277.777832,-2277.777740,-85.510573
56,-2681.666504,-2681.666672,-95.992376
57,-2763.333252,-2763.333344,-58.857703
58,-1829.444458,-1829.444458,-127.784668
59,-2002.111206,-2002.111115,-77.870434
60,-2371.111084,-2371.111115,-99.505186
61,-2914.111084,-2914.111115,-42.180583
62,-1907.999878,-1908.000000,-105.070406
63,-2441.111328,-2441.111145,-92.685303
64,-2594.777832,-2594.777786,-111.255596
65,-2381.000000,-2380.999947,-98.735615
66,-2289.888916,-2289.888870,-129.974897
67,-2427.888916,-2427.888885,-109.607909
68,-2095.666504,-2095.666626,-64.997160
69,-2237.333496,-2237.333344,-93.886406
70,-2008.888916,-2008.888901,-91.874837
71,-1712.444580,-1712.444420,-72.047584
72,-2394.222168,-2394.222229,-103.315617
73,-2076.555664,-2076.555557,-110.307491
74,-1961.111084,-1961.111099,-97.990963
75,-2018.555664,-2018.555542,-38.610844
76,-1793.666748,-1793.666687,-87.276590
77,-2093.111084,-2093.111099,-91.276027
78,-2400.222168,-2400.222229,-88.895062
79,-2435.444580,-2435.444473,-91.433152
80,-2368.333252,-2368.333313,-86.570332
81,-2522.777832,-2522.777802,-87.318623
82,-2118.222168,-2118.222214,-102.891453
83,-2186.555664,-2186.555542,-77.871112
84,-2159.222412,-2159.222229,-152.698791
85,-2237.777832,-2237.777817,-90.036834
86,-2125.111084,-2125.111107,-105.207025
87,-1977.444580,-1977.444473,-81.451073
88,-2905.555664,-2905.555573,-108.886867
89,-2188.555664,-2188.555542,-121.824579
90,-2244.333252,-2244.333328,-152.476106
91,-1858.333252,-1858.333344,-95.420223
92,-2190.444336,-2190.444427,-117.796798
93,-2173.777832,-2173.777786,-99.583919
94,-2066.333496,-2066.333313,-68.788037
95,-2152.666748,-2152.666687,-115.534517
96,-1979.888794,-1979.888893,-120.620508
97,-1952.777710,-1952.777756,-107.877120
98,-2082.333252,-2082.333374,-132.196764
99,-2577.000000,-2577.000000,-127.964065
100,-2003.111206,-2003.111115,-83.821367
101,-2304.222412,-2304.222229,-109.593159
102,-2193.333252,-2193.333305,-104.094069
103,-2869.444336,-2869.444427,-100.085664
104,-2142.222168,-2142.222229,-77.971985
105,-2161.222168,-2161.222198,-102.110464
106,-2100.555664,-2100.555573,-141.945792
107,-2564.777832,-2564.777802,-92.133304
108,-2000.333496,-2000.333344,-100.588670
109,-1969.666626,-1969.666687,-89.359857
110,-2623.110840,-2623.111099,-104.508182
111,-2140.222168,-2140.222206,-81.152072
112,-2445.333252,-2445.333359,-117.038173
113,-2453.222168,-2453.222183,-114.049621
114,-2058.444336,-2058.444427,-81.460738
115,-2135.000000,-2135.000000,-105.278272
116,-2137.555664,-2137.555573,-84.546265
117,-2426.222168,-2426.222183,-87.587908
118,-2815.111084,-2815.111084,-100.702566
119,-2044.444458,-2044.444412,-110.820063
120,-2666.111084,-2666.111130,-102.302597
121,-2529.111084,-2529.111130,-73.200874
122,-2872.777832,-2872.777725,-145.187628
123,-2594.444580,-2594.444427,-105.023422
124,-2447.000000,-2446.999954,-108.843192
125,-2572.000000,-2571.999969,-89.572005
126,-2099.444580,-2099.444473,-106.292802
127,-2051.222412,-2051.222214,-105.868277
128,-2847.111084,-2847.111115,-110.093235
129,-2682.555420,-2682.555481,-103.751851
130,-2184.333496,-2184.333328,-136.235340
131,-2229.222168,-2229.222221,-109.140604
132,-2498.333496,-2498.333344,-100.989300
133,-2531.777832,-2531.777740,-94.637521
134,-2324.666748,-2324.666702,-94.859762
135,-2185.000000,-2185.000031,-78.826884
136,-2323.777832,-2323.777786,-134.085787
137,-2964.999756,-2964.999954,-121.738565
138,-2537.444336,-2537.444443,-115.201164
139,-2688.333252,-2688.333252,-100.105167
140,-2536.222168,-2536.222290,-81.950265
141,-2478.444336,-2478.444458,-82.498903
142,-1961.555664,-1961.555542,-101.015117
143,-2261.222168,-2261.222198,-142.933700
144,-2510.777832,-2510.777786,-95.547157
145,-2306.222168,-2306.222229,-105.519134
146,-2189.444336,-2189.444427,-99.758895
147,-2516.666748,-2516.666672,-106.534360
148,-2599.888672,-2599.888931,-116.952929
149,-2027.222168,-2027.222183,-108.709261
150,-2643.000000,-2643.000000,-119.031059
151,-2364.333496,-2364.333344,-100.149135
152,-1926.666748,-1926.666664,-74.551372
153,-2371.000000,-2371.000023,-108.774906
154,-2986.888916,-2986.888885,-62.140866
155,-2554.777832,-2554.777786,-94.410263
156,-2520.888916,-2520.888885,-85.846249
157,-2153.000000,-2153.000000,-113.388296
158,-2524.888916,-2524.888931,-75.095520
159,-2044.333374,-2044.333344,-77.279067
160,-2154.111084,-2154.111099,-141.235008
161,-2470.222168,-2470.222229,-95.812603
162,-2366.888916,-2366.888916,-86.080213
163,-2267.222168,-2267.222244,-94.241821
164,-2157.888916,-2157.888908,-128.100116
165,-2366.333252,-2366.333313,-89.863381
166,-2002.222290,-2002.222229,-111.032536
167,-2319.555420,-2319.555496,-93.465839
168,-2128.888916,-2128.888855,-102.005841
169,-1944.666626,-1944.666672,-125.434206
170,-2418.444580,-2418.444489,-105.029874
171,-2080.777832,-2080.777756,-98.583972
172,-2353.000000,-2353.000008,-139.981039
173,-2220.555664,-2220.555527,-131.550219
174,-2198.111084,-2198.111115,-81.251448
175,-2560.555664,-2560.555542,-79.695698
176,-2384.666748,-2384.666641,-99.215168
177,-2366.888916,-2366.888885,-104.781444
178,-2507.555664,-2507.555573,-95.300459
179,-2371.000000,-2371.000015,-86.773329
180,-2640.222168,-2640.222244,-114.372208
181,-2271.888916,-2271.888855,-96.808141
182,-2025.111084,-2025.111084,-110.149683
183,-2616.666748,-2616.666641,-130.454980
184,-2836.000000,-2836.000000,-117.280866
185,-2424.222168,-2424.222198,-98.956748
186,-2410.111084,-2410.111130,-105.861014
187,-2865.222168,-2865.222229,-120.517438
188,-2354.888916,-2354.888901,-109.314764
189,-2244.444336,-2244.444443,-120.014359
190,-2547.555664,-2547.555542,-123.188098
191,-3016.333496,-3016.333389,-106.029356
192,-2577.666504,-2577.666656,-127.261283
193,-2524.888916,-2524.888885,-114.457579
194,-2852.555664,-2852.555573,-126.288095
195,-2217.222168,-2217.222198,-89.877774
196,-2704.666748,-2704.666656,-71.475098
197,-2957.889160,-2957.888885,-118.341026
198,-2489.444336,-2489.444427,-97.158843
199,-2880.111084,-2880.111115,-93.087498
200,-2593.333252,-2593.333313,-97.335615
201,-2435.888916,-2435.888885,-125.941562
202,-2624.333252,-2624.333313,-104.087549
203,-2577.333496,-2577.333328,-113.695499
204,-2490.666748,-2490.666672,-111.695086
205,-2079.444336,-2079.444427,-88.113058
206,-2346.333496,-2346.333298,-95.720048
207,-2557.111084,-2557.111084,-95.438030
208,-2292.777832,-2292.777740,-76.996244
209,-2876.888916,-2876.888901,-79.348046
210,-2286.666748,-2286.666687,-94.579335
211,-2765.777832,-2765.777863,-107.708244
212,-2134.111084,-2134.111115,-90.031793
213,-2559.222168,-2559.222183,-82.006800
214,-2389.555420,-2389.555542,-105.638669
215,-2438.222168,-2438.222260,-99.849214
216,-2188.111084,-2188.111115,-114.529329
217,-2930.000000,-2930.000000,-84.182512
218,-2328.444336,-2328.444427,-97.002261
219,-2479.666748,-2479.666687,-108.026711
220,-2820.444580,-2820.444519,-110.603579
221,-2842.777832,-2842.777740,-127.188355
222,-2265.222168,-2265.222229,-136.103828
223,-2909.111328,-2909.111099,-84.861616
224,-2293.888916,-2293.888916,-115.266960
225,-2661.666748,-2661.666718,-111.166315
226,-2173.666748,-2173.666656,-100.737999
227,-2524.777832,-2524.777817,-131.508983
228,-2320.666748,-2320.666702,-112.830501
229,-2756.111084,-2756.111130,-78.441834
230,-2249.333252,-2249.333313,-128.990501
231,-2775.222168,-2775.222198,-86.215776
232,-2686.333252,-2686.333344,-98.951016
233,-2415.222168,-2415.222275,-125.718932
234,-2659.555664,-2659.555527,-106.944278
235,-2455.111084,-2455.111115,-115.763418
236,-2545.777832,-2545.777756,-105.061109
237,-2849.777588,-2849.777740,-129.522307
238,-2640.777588,-2640.777740,-54.843275
239,-2575.666504,-2575.666664,-99.440749
240,-2618.000000,-2618.000000,-115.249615
241,-1918.000000,-1918.000015,-105.003832
242,-2326.555664,-2326.555573,-88.599446
243,-2547.111084,-2547.111099,-98.129735
244,-2518.888672,-2518.888824,-80.083145
245,-2395.555664,-2395.555588,-98.016205
246,-2266.222168,-2266.222198,-130.242959
247,-2555.666504,-2555.666656,-109.762435
248,-2528.333252,-2528.333267,-100.990612
249,-2295.888672,-2295.888885,-93.214745
250,-2714.111084,-2714.111145,-97.885104
251,-2718.555664,-2718.555618,-94.097791
252,-2056.777832,-2056.777802,-122.727007
253,-2244.111084,-2244.111084,-79.228298
254,-2694.444580,-2694.444458,-86.966652
255,-2363.333252,-2363.333389,-75.156843
256,-2465.444336,-2465.444427,-145.329019
257,-2199.888916,-2199.888901,-81.702622
258,-2717.777832,-2717.777786,-94.517694
259,-2028.111084,-2028.111099,-97.312084
260,-2400.111084,-2400.111115,-79.091726
261,-2671.777832,-2671.777771,-117.844251
262,-2879.888672,-2879.888855,-90.496887
263,-2427.888916,-2427.888893,-77.316759
264,-2560.111084,-2560.111084,-104.031747
265,-2826.000000,-2826.000000,-101.530582
266,-2706.110840,-2706.111099,-99.761046
267,-2754.444336,-2754.444412,-102.361273
268,-2540.444336,-2540.444397,-121.474685
269,-3421.333496,-3421.333389,-118.361886
270,-3059.444336,-3059.444427,-120.586754
271,-2737.777832,-2737.777740,-113.600594
272,-2581.000000,-2581.000000,-115.123775
273,-2615.111084,-2615.111115,-78.798113
274,-2420.111084,-2420.111084,-124.589505
275,-2769.777832,-2769.777817,-96.380379
276,-2625.333496,-2625.333351,-97.669256
277,-2482.222168,-2482.222260,-78.386813
278,-2685.666748,-2685.666626,-132.591839
279,-3013.777588,-3013.777740,-100.159733
280,-2854.222168,-2854.222168,-104.777542
281,-2882.666992,-2882.666748,-157.100592
282,-2759.222168,-2759.222214,-101.819790
283,-2398.444336,-2398.444489,-118.941552
284,-2219.111084,-2219.111084,-118.028206
285,-3291.222412,-3291.222275,-95.753684
286,-1952.000000,-1951.999992,-100.859781
287,-2413.444580,-2413.444458,-96.748455
288,-2687.000000,-2686.999969,-140.152418
289,-2121.889160,-2121.888901,-116.327697
290,-2425.666504,-2425.666672,-124.895030
291,-2597.000000,-2597.000046,-87.970830
292,-2303.222168,-2303.222191,-80.424994
293,-2814.666504,-2814.666687,-87.936574
294,-3229.666504,-3229.666634,-152.182332
295,-2953.111084,-2953.111115,-120.863241
296,-2219.555420,-2219.555542,-55.155658
297,-2824.111084,-2824.111145,-53.262903
298,-2156.222168,-2156.222214,-102.745303
299,-2673.666504,-2673.666626,-77.857725
300,-2726.111328,-2726.111069,-117.616638
301,-2387.222412,-2387.222229,-125.188344
302,-2180.666504,-2180.666672,-97.419284
303,-2379.444580,-2379.444473,-96.142480
304,-2515.666748,-2515.666687,-91.205206
305,-2399.111084,-2399.111084,-90.236745
306,-2418.555420,-2418.555527,-111.916927
307,-3108.222168,-3108.222229,-114.787558
308,-3023.111084,-3023.111145,-117.501268
309,-2199.888916,-2199.888931,-117.417863
310,-2110.555420,-2110.555542,-120.286382
311,-2552.666504,-2552.666626,-102.622687
312,-2493.222412,-2493.222260,-75.571772
313,-2708.777588,-2708.777740,-82.158325
314,-2521.555664,-2521.555588,-92.585160
315,-2484.333252,-2484.333328,-144.159389
316,-2324.222168,-2324.222214,-125.186497
317,-2292.666748,-2292.666687,-115.411411
318,-1943.777832,-1943.777771,-92.510791
319,-2392.555664,-2392.555573,-107.607269
320,-2723.110840,-2723.111069,-94.204825
321,-2541.888916,-2541.888947,-96.090326
322,-2920.888672,-2920.888885,-77.497295
323,-2688.000000,-2687.999985,-137.618875
324,-2198.555664,-2198.555542,-126.453336
325,-2841.333252,-2841.333298,-132.384877
326,-2730.555664,-2730.555603,-96.183820
327,-2219.888916,-2219.888855,-90.029502
328,-3067.444336,-3067.444427,-110.627854
329,-2450.222168,-2450.222229,-110.801087
330,-2788.222168,-2788.222198,-105.442532
331,-2252.666504,-2252.666687,-116.634637
332,-2465.333496,-2465.333313,-83.563631
333,-2577.888916,-2577.888916,-113.135597
334,-2399.333496,-2399.333344,-98.724928
335,-3216.555664,-3216.555603,-100.193029
336,-2908.222168,-2908.222214,-113.567281
337,-1768.222168,-1768.222198,-97.815376
338,-2528.000000,-2528.000031,-104.625088
339,-2235.777832,-2235.777786,-113.689687
340,-2344.777832,-2344.777771,-104.128402
341,-3120.999756,-3120.999924,-139.855219
342,-2707.222412,-2707.222244,-133.417446
343,-3284.888916,-3284.888885,-123.005075
344,-2263.888916,-2263.888916,-99.754600
345,-2671.222168,-2671.222137,-118.949921
346,-2662.000000,-2662.000000,-100.103290
347,-2421.888916,-2421.888924,-119.681033
348,-2667.222168,-2667.222229,-72.620132
349,-2191.222168,-2191.222214,-115.704706
350,-2465.000244,-2465.000031,-107.940011
351,-2775.777832,-2775.777786,-96.083105
352,-2922.111084,-2922.111084,-104.671306
353,-2497.777832,-2497.777786,-112.325486
354,-2564.777588,-2564.777725,-103.766673
355,-2925.333496,-2925.333313,-124.314611
356,-2483.555664,-2483.555573,-113.107968
357,-2357.000000,-2356.999985,-102.936776
358,-3375.555664,-3375.555511,-109.359442
359,-2143.444580,-2143.444427,-94.455452
360,-2716.444580,-2716.444458,-117.440075
361,-2492.444580,-2492.444427,-114.740261
362,-3074.222168,-3074.222260,-69.184687
363,-2417.888916,-2417.888901,-110.698387
364,-2620.000000,-2619.999924,-125.413031
365,-2853.111328,-2853.111115,-159.603504
366,-2016.666626,-2016.666656,-106.057559
367,-2985.000244,-2985.000031,-114.262368
368,-2450.888672,-2450.888931,-91.028875
369,-2053.888916,-2053.888885,-99.296408
370,-2120.222168,-2120.222229,-148.893207
371,-2425.444336,-2425.444443,-80.179850
372,-2447.777832,-2447.777832,-119.488162
373,-2660.333496,-2660.333328,-81.782063
374,-3168.222412,-3168.222198,-91.070442
375,-2448.444336,-2448.444489,-100.725562
376,-2318.222168,-2318.222198,-137.850554
377,-2859.444336,-2859.444458,-96.767132
378,-3138.111084,-3138.111084,-96.111925
379,-2381.110840,-2381.111084,-148.739678
380,-2431.666504,-2431.666687,-89.119263
381,-2996.000000,-2996.000000,-89.656168
382,-1852.000000,-1851.999985,-113.133206
383,-2475.666504,-2475.666702,-130.486196
384,-2565.222168,-2565.222198,-111.003423
385,-2226.666748,-2226.666687,-107.442177
386,-2015.444458,-2015.444412,-110.328705
387,-2250.666748,-2250.666702,-103.456017
388,-2316.111084,-2316.111115,-158.792976
389,-2742.888672,-2742.888855,-77.072688
390,-2512.222412,-2512.222290,-101.712777
391,-2088.000000,-2088.000031,-97.163169
392,-2588.888916,-2588.888855,-107.051148
393,-3018.222168,-3018.222229,-111.140164
394,-2504.000000,-2503.999969,-88.065283
395,-2649.777832,-2649.777771,-117.915388
396,-2285.444580,-2285.444397,-110.121951
397,-3025.888916,-3025.888947,-81.337199
398,-2457.666504,-2457.666656,-111.852224
399,-2533.000000,-2532.999985,-126.035254
400,-2293.888916,-2293.888855,-123.069802
401,-2896.555420,-2896.555573,-75.975963
402,-3057.666748,-3057.666733,-153.823786
403,-2063.333252,-2063.333344,-109.164902
404,-2973.222168,-2973.222198,-94.587432
405,-2825.000000,-2825.000015,-101.884594
406,-2620.444580,-2620.444458,-172.350721
407,-2568.777832,-2568.777756,-102.149850
408,-2900.777588,-2900.777771,-117.000857
409,-3111.110840,-3111.111130,-147.640810
410,-2312.000000,-2312.000000,-94.317225
411,-2524.777832,-2524.777847,-118.185777
412,-2402.555664,-2402.555588,-92.304213
413,-2966.444580,-2966.444427,-93.301351
414,-2308.222168,-2308.222260,-105.234495
415,-2281.666748,-2281.666656,-99.014071
416,-2344.111084,-2344.111069,-106.721195
417,-2707.777832,-2707.777740,-102.436555
418,-2530.333496,-2530.333344,-132.718259
419,-1932.666626,-1932.666649,-119.156047
420,-2699.000244,-2699.000031,-156.191833
421,-2980.888916,-2980.888947,-83.251427
422,-2423.555420,-2423.555542,-138.007780
423,-2084.111084,-2084.111153,-110.443777
424,-2049.111084,-2049.111084,-130.111907
425,-2472.000000,-2472.000031,-106.294754
426,-2855.000000,-2855.000000,-92.585666
427,-1895.888916,-1895.888885,-82.391532
428,-2344.222168,-2344.222198,-153.166736
429,-2401.777832,-2401.777817,-128.772893
430,-1584.666626,-1584.666672,-118.904969
431,-2506.888672,-2506.888855,-133.474932
432,-2049.000000,-2049.000031,-131.757116
433,-2193.777832,-2193.777817,-97.359797
434,-1942.555420,-1942.555557,-92.971532
435,-2171.333496,-2171.333328,-67.619503
436,-2002.222168,-2002.222214,-106.021127
437,-2291.222412,-2291.222214,-109.322370
438,-2545.000000,-2545.000015,-121.519932
439,-2334.222168,-2334.222214,-102.360829
440,-2458.666748,-2458.666687,-111.991969
441,-1918.000000,-1918.000000,-118.518548
442,-2488.333496,-2488.333298,-126.291110
443,-2192.444336,-2192.444473,-114.325971
444,-2287.555420,-2287.555557,-108.185770
445,-2756.777588,-2756.777725,-91.292855
446,-2013.222290,-2013.222229,-145.649731
447,-2093.666748,-2093.666626,-94.181511
448,-1612.222290,-1612.222214,-105.869118
449,-2268.111084,-2268.111115,-82.716739
450,-2011.777832,-2011.777832,-84.990030
451,-2493.777832,-2493.777802,-110.718748
452,-2341.888916,-2341.888870,-117.150178
453,-2767.222168,-2767.222214,-108.651142
454,-3009.000000,-3009.000000,-106.989022
455,-2485.222168,-2485.222229,-145.424978
456,-2773.444336,-2773.444458,-124.113402
457,-2504.666504,-2504.666687,-135.802653
458,-3031.555664,-3031.555557,-118.095232
459,-2295.666748,-2295.666656,-105.539874
460,-2250.888916,-2250.888885,-80.277078
461,-2204.333252,-2204.333351,-111.672385
462,-1950.222290,-1950.222275,-118.548293
463,-2167.777832,-2167.777802,-98.425150
464,-2132.222168,-2132.222260,-107.158682
465,-2025.000000,-2025.000000,-138.257419
466,-2664.555664,-2664.555557,-111.085782
467,-1894.777832,-1894.777786,-89.691144
468,-1902.444580,-1902.444458,-133.673657
469,-2200.222168,-2200.222229,-108.170176
470,-1990.666626,-1990.666656,-125.606887
471,-1893.555542,-1893.555542,-106.047993
472,-2604.444336,-2604.444458,-98.757965
473,-2868.555664,-2868.555542,-121.503317
474,-1969.999878,-1969.999969,-90.489930
475,-2240.111084,-2240.111084,-121.261670
476,-1989.555542,-1989.555557,-95.179624
477,-2047.666748,-2047.666718,-98.897826
478,-2185.666748,-2185.666656,-117.552456
479,-2081.444580,-2081.444397,-129.466926
480,-1729.333252,-1729.333313,-84.209054
481,-1878.666626,-1878.666626,-131.044655
482,-2095.888672,-2095.888885,-120.418224
483,-2022.333252,-2022.333374,-86.040010
484,-1776.777710,-1776.777771,-109.590219
485,-2184.111084,-2184.111099,-114.774653
486,-1556.444458,-1556.444458,-121.281856
487,-2183.666748,-2183.666656,-101.061388
488,-1963.777710,-1963.777802,-107.629203
489,-1790.555542,-1790.555557,-82.399272
490,-1465.666626,-1465.666664,-130.160601
491,-2165.888916,-2165.888947,-133.101957
492,-1502.111206,-1502.111130,-119.588211
493,-1698.333374,-1698.333359,-105.316288
494,-1572.444580,-1572.444458,-163.133110
495,-1844.555664,-1844.555557,-114.821834
496,-1786.888916,-1786.888893,-93.001048
497,-1630.444458,-1630.444443,-139.998582
498,-1315.444458,-1315.444458,-123.184559
499,-1930.777710,-1930.777802,-124.496477
500,-1735.888916,-1735.888885,-88.925101
501,-1842.555542,-1842.555573,-90.406133
502,-1832.444580,-1832.444412,-82.599532
503,-1241.333252,-1241.333313,-129.408806
504,-1713.222290,-1713.222244,-137.816545
505,-1390.000000,-1390.000015,-124.558485
506,-1648.333374,-1648.333359,-131.593732
507,-1620.444458,-1620.444412,-119.647311
508,-1811.222290,-1811.222221,-77.917973
509,-1298.222290,-1298.222244,-101.197336
510,-1642.666626,-1642.666656,-93.274697
511,-1930.666748,-1930.666687,-94.711203
512,-2441.888672,-2441.888901,-86.041216
513,-2073.555420,-2073.555542,-96.387338
514,-1691.999878,-1691.999985,-104.897255
515,-1662.000000,-1661.999985,-90.032021
516,-2164.666748,-2164.666672,-110.035336
517,-2368.888672,-2368.888885,-118.423381
518,-1726.555664,-1726.555580,-102.542250
519,-2090.000000,-2090.000000,-119.778543
520,-1887.444580,-1887.444458,-132.688434
521,-2136.000000,-2136.000015,-119.242411
522,-1716.555542,-1716.555542,-123.124073
523,-1586.444336,-1586.444427,-88.749073
524,-2098.444336,-2098.444427,-123.342146
525,-2164.999756,-2164.999985,-164.855634
526,-1922.555542,-1922.555527,-107.691315
527,-1800.000122,-1799.999985,-70.928683
528,-1558.777832,-1558.777771,-98.488682
529,-1577.110962,-1577.111099,-112.516609
530,-1918.000000,-1918.000031,-119.795205
531,-1899.555664,-1899.555542,-95.016851
532,-1355.444458,-1355.444458,-111.532522
533,-1768.555420,-1768.555542,-111.532126
534,-1456.444336,-1456.444443,-163.356081
535,-1217.000000,-1217.000008,-122.957184
536,-1879.444336,-1879.444443,-159.979677
537,-1757.555542,-1757.555573,-108.125897
538,-1807.444458,-1807.444397,-139.738116
539,-1381.777832,-1381.777802,-116.708240
540,-1448.555664,-1448.555557,-140.123934
541,-1550.888794,-1550.888870,-94.156436
542,-1352.111084,-1352.111122,-87.008252
543,-1726.333374,-1726.333359,-122.077467
544,-1722.333252,-1722.333321,-126.961620
545,-2079.888916,-2079.888885,-129.545768
546,-1711.444336,-1711.444443,-105.641914
547,-1229.666626,-1229.666656,-66.581692
548,-1800.111206,-1800.111122,-133.243307
549,-1479.888916,-1479.888916,-110.443783
550,-1314.888916,-1314.888885,-104.584115
551,-1622.555420,-1622.555573,-116.654155
552,-1168.555542,-1168.555557,-99.540251
553,-1614.666748,-1614.666672,-122.752345
554,-1704.222290,-1704.222214,-115.663755
555,-1269.333374,-1269.333336,-86.393084
556,-2131.222168,-2131.222229,-90.511378
557,-1319.555420,-1319.555573,-168.989165
558,-1261.222168,-1261.222206,-106.790845
559,-2096.666504,-2096.666656,-89.095189
560,-1956.999878,-1957.000000,-87.461957
561,-1181.222290,-1181.222229,-115.813662
562,-1117.666748,-1117.666656,-112.434988
563,-1544.444458,-1544.444443,-94.442277
564,-1487.555664,-1487.555580,-120.376498
565,-1420.444580,-1420.444473,-112.584920
566,-1744.666748,-1744.666672,-105.657664
567,-1427.444580,-1427.444458,-144.298090
568,-1633.333252,-1633.333313,-96.914074
569,-1975.555664,-1975.555542,-83.671289
570,-1549.111084,-1549.111115,-110.748059
571,-1396.888916,-1396.888885,-136.147208
572,-1418.333374,-1418.333336,-131.098794
573,-1508.555420,-1508.555573,-85.921125
574,-1521.888916,-1521.888885,-104.325478
575,-1576.888916,-1576.888916,-78.191746
576,-1643.555664,-1643.555557,-124.460478
577,-1057.555542,-1057.555550,-100.199770
578,-1318.333252,-1318.333328,-141.828660
579,-1815.888916,-1815.888885,-101.244565
580,-1525.555664,-1525.555557,-103.116318
581,-1438.000000,-1438.000015,-73.092469
582,-1532.666626,-1532.666656,-115.864960
583,-1700.999878,-1701.000015,-88.310995
584,-1133.000122,-1133.000000,-101.242658
585,-954.222229,-954.222229,-108.861347
586,-1615.666748,-1615.666641,-114.759411
587,-1487.666504,-1487.666656,-128.857672
588,-1618.666748,-1618.666649,-79.389932
589,-2149.111084,-2149.111069,-113.848439
590,-866.777771,-866.777794,-91.365579
591,-1229.777832,-1229.777786,-131.575971
592,-1151.888916,-1151.888908,-90.163405
593,-1190.666626,-1190.666656,-143.465549
594,-1231.000000,-1230.999992,-142.663853
595,-1569.555542,-1569.555557,-91.842146
596,-1402.000000,-1401.999985,-112.170797
597,-1197.222168,-1197.222229,-104.025296
598,-1431.111206,-1431.111145,-140.354569
599,-1546.777832,-1546.777802,-136.620716
600,-1157.889038,-1157.888916,-103.186574
601,-989.333374,-989.333344,-92.288142
602,-1137.444458,-1137.444443,-93.648370
603,-1202.222168,-1202.222229,-145.460774
604,-1125.222168,-1125.222214,-117.465099
605,-970.777771,-970.777771,-113.269217
606,-1008.777771,-1008.777779,-122.833282
607,-1261.777832,-1261.777763,-105.364605
608,-1105.555542,-1105.555542,-130.872730
609,-1327.000000,-1327.000000,-163.441444
610,-1317.111084,-1317.111107,-137.224369
611,-1197.444458,-1197.444443,-97.040341
612,-1108.888916,-1108.888878,-109.042434
613,-1243.333374,-1243.333351,-119.853169
614,-1044.555542,-1044.555565,-108.078101
615,-1047.777832,-1047.777779,-91.440484
616,-1355.333252,-1355.333313,-104.906757
617,-1061.000000,-1061.000000,-124.523141
618,-1188.222168,-1188.222214,-135.922938
619,-1116.666748,-1116.666672,-97.256174
620,-1446.333374,-1446.333344,-96.851092
621,-892.777771,-892.777794,-118.474962
622,-1045.000000,-1045.000008,-148.285744
623,-1038.111084,-1038.111115,-115.573363
624,-1029.333252,-1029.333313,-116.894442
625,-1139.222168,-1139.222214,-92.051375
626,-732.444397,-732.444435,-103.576719
627,-1094.555664,-1094.555542,-99.632576
628,-1018.888916,-1018.888893,-142.854066
629,-1027.444458,-1027.444458,-85.998906
630,-724.555481,-724.555557,-112.671549
631,-871.666748,-871.666672,-140.553138
632,-1011.666687,-1011.666672,-98.243878
633,-1345.888916,-1345.888893,-139.265173
634,-1247.666748,-1247.666672,-120.637276
635,-1135.222168,-1135.222229,-135.727499
636,-1172.222290,-1172.222244,-120.836033
637,-941.333374,-941.333336,-93.441958
638,-901.111145,-901.111107,-111.335854
639,-853.000000,-853.000008,-118.503746
640,-1163.000000,-1163.000000,-113.197385
641,-999.555542,-999.555542,-112.283964
642,-985.666626,-985.666649,-105.369696
643,-1117.000000,-1117.000015,-137.668431
644,-815.000000,-815.000000,-94.659047
645,-1048.666626,-1048.666656,-97.749323
646,-870.000000,-870.000008,-131.686507
647,-802.111084,-802.111107,-113.398214
648,-1186.777832,-1186.777771,-86.963280
649,-1003.888855,-1003.888878,-147.163016
650,-982.777771,-982.777771,-103.912905
651,-705.999939,-705.999992,-107.428007
652,-908.666687,-908.666664,-115.608293
653,-1214.222168,-1214.222214,-104.856654
654,-1187.000000,-1187.000023,-123.699589
655,-1007.111145,-1007.111107,-101.356504
656,-814.000000,-814.000000,-119.632921
657,-959.222229,-959.222221,-113.861835
658,-1261.444458,-1261.444443,-83.196343
659,-818.222168,-818.222198,-102.756586
660,-852.444458,-852.444443,-122.691739
661,-936.333313,-936.333328,-77.893979
662,-537.555542,-537.555561,-98.637387
663,-861.222290,-861.222221,-100.156574
664,-735.555542,-735.555557,-128.711196
665,-892.777771,-892.777786,-125.260915
666,-862.333313,-862.333344,-114.598646
667,-797.222168,-797.222221,-100.889185
668,-584.555542,-584.555557,-106.525192
669,-780.111145,-780.111122,-114.674214
670,-869.111145,-869.111107,-111.678360
671,-702.777832,-702.777786,-120.614519
672,-830.555481,-830.555565,-106.542579
673,-586.000000,-586.000008,-93.308031
674,-509.777771,-509.777775,-130.100806
675,-765.555603,-765.555550,-79.559283
676,-1002.000000,-1002.000000,-130.333483
677,-662.666626,-662.666683,-129.283056
678,-504.000000,-504.000000,-110.776946
679,-549.666626,-549.666672,-118.319822
680,-920.888855,-920.888893,-105.724299
681,-490.555542,-490.555557,-98.623885
682,-770.555542,-770.555553,-134.549405
683,-744.000061,-744.000004,-91.733124
684,-606.333313,-606.333328,-131.270258
685,-631.666687,-631.666664,-110.160112
686,-730.777832,-730.777786,-99.169823
687,-449.333344,-449.333344,-107.907472
688,-533.666687,-533.666664,-97.308993
689,-683.111145,-683.111115,-127.569496
690,-765.555603,-765.555542,-112.913955
691,-460.222229,-460.222218,-137.273433
692,-603.333313,-603.333336,-92.909953
693,-406.666656,-406.666664,-113.404393
694,-1050.888794,-1050.888878,-96.205020
695,-456.555573,-456.555559,-122.445735
696,-530.333313,-530.333344,-96.689992
697,-882.222229,-882.222229,-89.025136
698,-759.888855,-759.888893,-118.869805
699,-561.666687,-561.666672,-152.061469
700,-618.555542,-618.555542,-117.127071
701,-526.000000,-525.999989,-136.358762
702,-564.777832,-564.777775,-134.954002
703,-533.777771,-533.777775,-136.164823
704,-414.666687,-414.666664,-107.499920
705,-451.222229,-451.222229,-148.215060
706,-460.666687,-460.666666,-109.539748
707,-589.111084,-589.111099,-101.058305
708,-536.555542,-536.555553,-127.924390
709,-475.111084,-475.111107,-84.705779
710,-637.666687,-637.666664,-111.919444
711,-591.444397,-591.444450,-119.194479
712,-509.555573,-509.555561,-113.237162
713,-409.888885,-409.888885,-105.423725
714,-596.888855,-596.888874,-105.999648
715,-719.777771,-719.777779,-88.105582
716,-487.222229,-487.222240,-121.305415
717,-461.333313,-461.333340,-96.727170
718,-654.111084,-654.111099,-73.049043
719,-522.000000,-522.000008,-127.465994
720,-404.888916,-404.888893,-78.058425
721,-569.888855,-569.888885,-114.324075
722,-345.333313,-345.333339,-132.169460
723,-413.222260,-413.222221,-99.550695
724,-442.444458,-442.444450,-117.316539
725,-464.555542,-464.555553,-95.202487
726,-460.222229,-460.222225,-118.388166
727,-446.111115,-446.111111,-129.880160
728,-259.555573,-259.555553,-79.951030
729,-435.888885,-435.888887,-114.621826
730,-352.555573,-352.555553,-96.126486
731,-356.333344,-356.333336,-93.181620
732,-345.444427,-345.444435,-111.550061
733,-357.333313,-357.333330,-143.765796
734,-568.444458,-568.444439,-83.719526
735,-489.444427,-489.444443,-96.927763
736,-370.444458,-370.444445,-107.764327
737,-414.111145,-414.111111,-86.648369
738,-363.555542,-363.555555,-80.329697
739,-322.222229,-322.222214,-100.516621
740,-367.111115,-367.111111,-135.039579
741,-268.555542,-268.555557,-101.372542
742,-384.888855,-384.888887,-83.175435
743,-395.777771,-395.777781,-84.385103
744,-259.666687,-259.666670,-92.839541
745,-281.222229,-281.222229,-99.469467
746,-398.555573,-398.555553,-95.922562
747,-267.555542,-267.555555,-104.704292
748,-363.777771,-363.777779,-77.360540
749,-295.333344,-295.333334,-100.483282
750,-323.666656,-323.666664,-75.132890
751,-330.888885,-330.888893,-112.956804
752,-291.444458,-291.444449,-66.238463
753,-297.666656,-297.666663,-97.278110
754,-310.444458,-310.444443,-103.971223
755,-332.222229,-332.222221,-58.138463
756,-466.000000,-466.000004,-102.914389
757,-335.666687,-335.666663,-88.381701
758,-326.111084,-326.111111,-71.355643
759,-233.222229,-233.222219,-96.760423
760,-377.333313,-377.333332,-77.774529
761,-183.222229,-183.222224,-143.992991
762,-376.111115,-376.111101,-109.777045
763,-358.555573,-358.555553,-102.409873
764,-288.777771,-288.777772,-129.194854
765,-275.444458,-275.444441,-87.347656
766,-200.111099,-200.111114,-95.099175
767,-228.999985,-228.999996,-87.819399
768,-266.222229,-266.222226,-107.715310
769,-369.111115,-369.111115,-59.937339
770,-380.000000,-380.000000,-111.515230
771,-285.444458,-285.444445,-92.903922
772,-254.888885,-254.888889,-130.052442
773,-282.444458,-282.444445,-97.422019
774,-269.333344,-269.333336,-123.474807
775,-223.333313,-223.333328,-89.038482
776,-237.888885,-237.888887,-110.269548
777,-188.444443,-188.444445,-115.112557
778,-270.777771,-270.777773,-108.575090
779,-320.000000,-319.999998,-112.645993
780,-228.111115,-228.111111,-88.831823
781,-250.333328,-250.333328,-96.478031
782,-174.444443,-174.444447,-103.154473
783,-276.666656,-276.666666,-116.947358
784,-216.333328,-216.333332,-92.895487
785,-280.333344,-280.333336,-95.814547
786,-274.000000,-273.999998,-86.217480
787,-404.888885,-404.888882,-98.559146
788,-290.666687,-290.666666,-63.478659
789,-265.555542,-265.555551,-90.493375
790,-238.333344,-238.333335,-100.120362
791,-200.666672,-200.666666,-106.207689
792,-201.111115,-201.111108,-67.916678
793,-250.333344,-250.333336,-131.919869
794,-267.777771,-267.777782,-66.402747
795,-225.444443,-225.444447,-70.593676
796,-265.777771,-265.777771,-84.187292
797,-275.666656,-275.666664,-80.217882
798,-240.222214,-240.222222,-109.114199
799,-279.222229,-279.222223,-150.722955
800,-262.333313,-262.333334,-101.026585
801,-231.555542,-231.555555,-86.173779
802,-266.888885,-266.888888,-63.283224
803,-172.333344,-172.333332,-78.212097
804,-225.555542,-225.555555,-88.392570
805,-246.333344,-246.333330,-99.357834
806,-223.888885,-223.888884,-54.303105
807,-311.444427,-311.444443,-129.804049
808,-192.666656,-192.666665,-90.751188
809,-277.333344,-277.333332,-86.571413
810,-212.333328,-212.333331,-63.225850
811,-219.333344,-219.333336,-87.423802
812,-274.111115,-274.111108,-111.422220
813,-252.111115,-252.111111,-62.423751
814,-234.222229,-234.222219,-68.700577
815,-280.777771,-280.777775,-102.848564
816,-221.333328,-221.333330,-98.961079
817,-241.333313,-241.333334,-94.311770
818,-251.333328,-251.333332,-141.994810
819,-224.111099,-224.111115,-96.580874
820,-230.222214,-230.222221,-94.641743
821,-190.666656,-190.666668,-80.929440
822,-174.333328,-174.333332,-123.102252
823,-168.333328,-168.333331,-91.045200
824,-217.888885,-217.888885,-84.085207
825,-218.222229,-218.222223,-63.455813
826,-240.222214,-240.222222,-74.376760
827,-249.777771,-249.777777,-109.639198
828,-166.888901,-166.888889,-112.073892
829,-225.333344,-225.333334,-135.685827
830,-225.222229,-225.222224,-75.671387
831,-294.111115,-294.111112,-77.642822
832,-238.000000,-237.999997,-93.681012
833,-249.333313,-249.333330,-130.623660
834,-242.222214,-242.222225,-131.368850
835,-217.111115,-217.111107,-99.404274
836,-239.222229,-239.222221,-114.544184
837,-309.444458,-309.444447,-99.271415
838,-184.777786,-184.777780,-110.750979
839,-305.222229,-305.222225,-108.904545
840,-180.555557,-180.555555,-83.647547
841,-200.666656,-200.666667,-90.357199
842,-246.111099,-246.111109,-131.866758
843,-262.444458,-262.444447,-104.324393
844,-223.777771,-223.777772,-83.955277
845,-192.555557,-192.555555,-67.979999
846,-185.666656,-185.666666,-66.991654
847,-195.000000,-194.999995,-82.362437
848,-163.666672,-163.666666,-76.869814
849,-267.888885,-267.888887,-85.876753
850,-201.555573,-201.555558,-107.893885
851,-259.000000,-259.000002,-86.216394
852,-288.555542,-288.555551,-83.834111
853,-207.888885,-207.888886,-82.960568
854,-227.222229,-227.222223,-112.261351
855,-273.444458,-273.444440,-106.942690
856,-241.000015,-241.000003,-91.931638
857,-261.666687,-261.666667,-81.306903
858,-227.666687,-227.666665,-100.170334
859,-184.666672,-184.666667,-111.065603
860,-255.000000,-254.999999,-95.542429
861,-325.222229,-325.222218,-75.603747
862,-177.444443,-177.444447,-91.992973
863,-282.777771,-282.777779,-70.193672
864,-289.444458,-289.444447,-103.422713
865,-280.000000,-280.000003,-78.357786
866,-257.333344,-257.333335,-74.344480
867,-304.222229,-304.222218,-73.320361
868,-390.666626,-390.666660,-110.275979
869,-185.333344,-185.333337,-114.612648
870,-244.666672,-244.666664,-94.609566
871,-325.555573,-325.555559,-71.850430
872,-216.444427,-216.444441,-79.875974
873,-196.000000,-195.999999,-89.977288
874,-264.888916,-264.888890,-97.142733
875,-229.222229,-229.222219,-101.715263
876,-233.555542,-233.555555,-83.421988
877,-320.111115,-320.111114,-112.945622
878,-350.222229,-350.222215,-87.358018
879,-298.666656,-298.666668,-89.882286
880,-241.555557,-241.555552,-109.310800
881,-380.111084,-380.111110,-101.876600
882,-346.222229,-346.222225,-100.083202
883,-300.000000,-300.000004,-99.390652
884,-231.888885,-231.888889,-87.250713
885,-351.333313,-351.333332,-88.985128
886,-396.888885,-396.888895,-118.667601
887,-330.333344,-330.333328,-100.952775
888,-432.333344,-432.333338,-80.697304
889,-237.444427,-237.444439,-80.923615
890,-443.000000,-442.999994,-136.918179
891,-322.888916,-322.888885,-103.096437
892,-365.777771,-365.777776,-124.862477
893,-373.888885,-373.888886,-163.053583
894,-360.444458,-360.444449,-96.383182
895,-313.666656,-313.666667,-101.318742
896,-423.444458,-423.444443,-109.403805
897,-330.333344,-330.333333,-94.543147
898,-399.555542,-399.555557,-106.718820
899,-409.111115,-409.111114,-72.170728
900,-536.111084,-536.111115,-141.703204
901,-351.222229,-351.222229,-99.531745
902,-199.333344,-199.333337,-116.544280
903,-288.666687,-288.666663,-114.605472
904,-344.222229,-344.222218,-95.412385
905,-242.666656,-242.666666,-118.592420
906,-250.111115,-250.111111,-96.155411
907,-193.333344,-193.333338,-107.286091
908,-365.777771,-365.777777,-120.439528
909,-274.888885,-274.888891,-84.000712
910,-343.555542,-343.555561,-82.615196
911,-302.444458,-302.444447,-74.305439
912,-335.000000,-335.000004,-75.576898
913,-289.666656,-289.666658,-79.803617
914,-311.333313,-311.333336,-110.496917
915,-322.333344,-322.333331,-113.290300
916,-477.666687,-477.666660,-84.340526
917,-466.111115,-466.111115,-100.381327
918,-219.555542,-219.555554,-88.328226
919,-322.888885,-322.888885,-99.330507
920,-386.444427,-386.444448,-114.400341
921,-249.888885,-249.888885,-84.806904
922,-342.444427,-342.444441,-107.510188
923,-274.555542,-274.555552,-99.275839
924,-191.777786,-191.777777,-82.341936
925,-254.777771,-254.777782,-107.661000
926,-289.000000,-288.999997,-105.095707
927,-220.222229,-220.222218,-81.017630
928,-302.666687,-302.666668,-112.838593
929,-286.000000,-286.000006,-124.467936
930,-340.888885,-340.888883,-79.878486
931,-208.666672,-208.666670,-94.906008
932,-237.999985,-237.999997,-66.419372
933,-310.333344,-310.333331,-109.784635
934,-244.000000,-243.999997,-93.948410
935,-292.777771,-292.777783,-99.342154
936,-266.222229,-266.222218,-91.349457
937,-327.888916,-327.888891,-122.893837
938,-370.888916,-370.888895,-84.357571
939,-255.999985,-255.999995,-98.054455
940,-290.777771,-290.777776,-66.092446
941,-188.000000,-188.000000,-88.367788
942,-235.444443,-235.444447,-87.137867
943,-298.777771,-298.777778,-111.274773
944,-231.666672,-231.666664,-105.824499
945,-188.333328,-188.333335,-66.425079
946,-247.777802,-247.777779,-88.857815
947,-252.333328,-252.333330,-100.001138
948,-227.444458,-227.444441,-83.826173
949,-222.444443,-222.444438,-97.802647
950,-226.666656,-226.666666,-103.659441
951,-207.777786,-207.777783,-114.683699
952,-298.000000,-298.000000,-93.237469
953,-210.000015,-210.000000,-86.933564
954,-206.111115,-206.111111,-107.654491
955,-251.777786,-251.777784,-89.020787
956,-239.111130,-239.111117,-91.947237
957,-327.888916,-327.888894,-110.326500
958,-306.444458,-306.444443,-98.801882
959,-241.777786,-241.777775,-125.744912
960,-173.555542,-173.555552,-83.267343
961,-201.111115,-201.111113,-117.029876
962,-273.666687,-273.666666,-83.479326
963,-280.444427,-280.444448,-66.076414
964,-291.666656,-291.666670,-97.866603
965,-288.666687,-288.666667,-98.773577
966,-145.555573,-145.555554,-97.830061
967,-246.000000,-246.000000,-86.780254
968,-259.333344,-259.333334,-77.675211
969,-294.333313,-294.333328,-93.321467
970,-145.777771,-145.777780,-89.524900
971,-283.000000,-283.000008,-82.414941
972,-247.555573,-247.555559,-89.212821
973,-218.444443,-218.444445,-69.657440
974,-268.777802,-268.777780,-91.314006
975,-263.555542,-263.555560,-94.391087
976,-249.444443,-249.444445,-89.630828
977,-229.444443,-229.444445,-122.019395
978,-220.666656,-220.666662,-61.160550
979,-301.888916,-301.888888,-89.151829
980,-301.777771,-301.777774,-103.869792
981,-255.333328,-255.333331,-104.259842
982,-155.555542,-155.555554,-78.859437
983,-227.555542,-227.555553,-120.104887
984,-274.555542,-274.555555,-59.166453
985,-230.222229,-230.222223,-100.364274
986,-213.000000,-213.000005,-81.073658
987,-253.888901,-253.888891,-86.605548
988,-214.444443,-214.444447,-122.963679
989,-341.777771,-341.777776,-81.353994
990,-160.222214,-160.222222,-102.102961
991,-223.888885,-223.888885,-75.641426
992,-242.222214,-242.222219,-104.112538
993,-245.111115,-245.111113,-83.849964
994,-313.888885,-313.888892,-107.599200
995,-370.222229,-370.222213,-114.716412
996,-201.666656,-201.666663,-86.549457
997,-284.555542,-284.555549,-95.577685
998,-148.333328,-148.333333,-85.324532
999,-220.444458,-220.444445,-112.899814
1000,-263.111115,-263.111107,-74.955511
1001,-292.888885,-292.888882,-106.933042
1002,-279.333313,-279.333335,-83.389364
1003,-220.222229,-220.222221,-84.826134
1004,-199.444443,-199.444444,-88.322601
1005,-232.000015,-232.000001,-91.386019
1006,-227.444458,-227.444446,-86.423746
1007,-293.444458,-293.444440,-92.751945
1008,-210.999985,-210.999998,-102.518916
1009,-215.222214,-215.222221,-96.016934
1010,-166.666672,-166.666666,-78.106514
1011,-339.777771,-339.777777,-92.740336
1012,-254.111099,-254.111106,-113.542596
1013,-175.111115,-175.111111,-85.030184
1014,-297.444458,-297.444442,-110.248950
1015,-260.888885,-260.888892,-108.902379
1016,-274.222229,-274.222223,-108.105997
1017,-209.444427,-209.444444,-74.635409
1018,-211.666656,-211.666663,-83.500362
1019,-202.000015,-202.000004,-84.961921
1020,-222.777786,-222.777776,-100.337262
1021,-252.888885,-252.888891,-69.030334
1022,-217.000000,-217.000007,-90.265003
1023,-207.777786,-207.777777,-85.931687
1024,-203.555557,-203.555557,-114.663070
1025,-260.000000,-259.999998,-96.570974
1026,-261.555573,-261.555558,-81.156750
1027,-218.222229,-218.222223,-104.641239
1028,-336.222229,-336.222227,-101.490506
1029,-296.111115,-296.111111,-112.546113
1030,-225.777786,-225.777782,-103.687252
1031,-215.333328,-215.333336,-81.652168
1032,-198.444458,-198.444447,-80.087159
1033,-190.777771,-190.777774,-105.558430
1034,-329.555542,-329.555546,-74.235343
1035,-188.111115,-188.111108,-116.959149
1036,-169.888885,-169.888892,-80.068041
1037,-182.333328,-182.333329,-91.671689
1038,-241.888885,-241.888890,-95.629647
1039,-183.888885,-183.888893,-86.125381
1040,-295.111115,-295.111115,-84.986802
1041,-219.888885,-219.888889,-74.129154
1042,-239.777771,-239.777778,-80.817643
1043,-237.888885,-237.888888,-81.626262
1044,-247.222229,-247.222218,-91.141493
1045,-226.888885,-226.888885,-102.798045
1046,-278.777771,-278.777777,-99.098654
1047,-257.000000,-256.999997,-67.006230
1048,-300.444458,-300.444447,-79.551662
1049,-166.666656,-166.666665,-91.801853
1050,-293.555542,-293.555555,-95.026833
1051,-266.333344,-266.333336,-90.245244
1052,-206.222214,-206.222224,-46.808276
1053,-247.666656,-247.666670,-117.486038
1054,-232.444427,-232.444447,-94.106146
1055,-249.000015,-248.999998,-90.013608
1056,-224.666672,-224.666670,-83.731983
1057,-346.555542,-346.555544,-112.581683
1058,-207.666672,-207.666670,-87.658448
1059,-180.777771,-180.777778,-85.202055
1060,-192.000000,-192.000000,-89.330422
1061,-290.777802,-290.777784,-99.101961
1062,-354.333313,-354.333336,-89.146645
1063,-292.555573,-292.555559,-116.017726
1064,-213.111099,-213.111114,-104.861684
1065,-228.888885,-228.888893,-85.299584
1066,-218.555542,-218.555553,-95.551817
1067,-223.666656,-223.666664,-81.148589
1068,-235.333328,-235.333335,-66.914173
1069,-216.888885,-216.888887,-77.170682
1070,-289.333344,-289.333333,-59.906231
1071,-214.999985,-215.000002,-101.376098
1072,-281.777771,-281.777781,-85.377916
1073,-260.888885,-260.888883,-124.888252
1074,-338.000000,-338.000010,-89.227158
1075,-268.777771,-268.777782,-116.715588
1076,-298.666687,-298.666670,-106.891868
1077,-213.777771,-213.777772,-85.186131
1078,-261.000000,-261.000006,-121.744973
1079,-280.000000,-280.000002,-111.174828
1080,-236.666656,-236.666666,-106.396554
1081,-212.555573,-212.555557,-77.004001
1082,-189.666672,-189.666664,-105.177154
1083,-163.555542,-163.555555,-86.614469
1084,-269.222198,-269.222227,-90.334772
1085,-198.444458,-198.444443,-96.098128
1086,-335.222229,-335.222229,-114.072058
1087,-212.666656,-212.666665,-93.273308
1088,-238.111115,-238.111109,-102.233829
1089,-201.777786,-201.777775,-92.467757
1090,-195.333328,-195.333334,-117.132867
1091,-192.555557,-192.555552,-87.879612
1092,-187.222214,-187.222219,-103.837909
1093,-182.666672,-182.666666,-89.364026
1094,-147.888885,-147.888886,-94.664167
1095,-228.555542,-228.555557,-111.212185
1096,-268.777771,-268.777775,-77.974146
1097,-126.222221,-126.222221,-115.683047
1098,-292.000000,-292.000004,-56.640342
1099,-274.555542,-274.555557,-98.834596
1100,-185.888885,-185.888891,-90.083457
1101,-284.555573,-284.555556,-90.048587
1102,-206.333313,-206.333332,-89.896195
1103,-320.555542,-320.555550,-77.794106
1104,-176.111115,-176.111113,-127.908827
1105,-314.222229,-314.222223,-111.813690
1106,-367.222229,-367.222219,-139.010166
1107,-207.222229,-207.222219,-77.071472
1108,-287.111115,-287.111118,-106.953246
1109,-383.444458,-383.444437,-109.892161
1110,-225.777771,-225.777781,-94.304040
1111,-280.000000,-280.000001,-139.306364
1112,-156.444443,-156.444445,-99.073526
1113,-232.777771,-232.777777,-120.113287
1114,-325.000000,-325.000002,-137.032789
1115,-238.555557,-238.555554,-125.609407
1116,-199.000000,-199.000000,-107.651709
1117,-148.777786,-148.777777,-88.211625
1118,-277.111115,-277.111116,-92.529335
1119,-364.222229,-364.222219,-81.255423
1120,-250.666672,-250.666662,-98.358914
1121,-185.777771,-185.777774,-83.002142
1122,-276.777771,-276.777773,-87.177742
1123,-284.777771,-284.777776,-68.254216
1124,-316.555573,-316.555555,-99.792828
1125,-282.777771,-282.777777,-96.145434
1126,-200.000000,-199.999998,-97.325375
1127,-369.222229,-369.222216,-99.083785
1128,-247.888885,-247.888890,-91.580537
1129,-322.666656,-322.666668,-111.299983
1130,-197.000000,-196.999997,-79.121970
1131,-230.000000,-229.999999,-83.309701
1132,-281.222229,-281.222223,-128.653995
1133,-217.888901,-217.888891,-90.876678
1134,-189.111115,-189.111111,-121.140758
1135,-310.555542,-310.555550,-97.581544
1136,-190.888901,-190.888892,-109.818961
1137,-279.444427,-279.444447,-122.271857
1138,-261.444458,-261.444443,-105.921650
1139,-225.000000,-225.000000,-101.696547
1140,-193.222214,-193.222220,-83.678155
1141,-218.666656,-218.666670,-101.269107
1142,-324.222229,-324.222219,-83.310615
1143,-187.555557,-187.555557,-89.621312
1144,-257.444427,-257.444444,-83.809386
1145,-264.888885,-264.888890,-116.974500
1146,-454.888885,-454.888885,-120.591261
1147,-209.000000,-209.000004,-82.623295
1148,-273.777771,-273.777776,-115.933149
1149,-352.222229,-352.222216,-111.795916
1150,-259.666656,-259.666673,-131.298337
1151,-337.666687,-337.666670,-123.186972
1152,-253.333344,-253.333338,-85.115442
1153,-277.333344,-277.333338,-124.594364
1154,-273.444427,-273.444449,-113.823811
1155,-231.000000,-231.000001,-126.564947
1156,-293.333344,-293.333334,-86.666744
1157,-277.777802,-277.777774,-132.077877
1158,-252.000000,-252.000004,-77.951312
1159,-194.333328,-194.333331,-81.175449
1160,-232.666656,-232.666666,-118.454942
1161,-321.999969,-322.000002,-103.934771
1162,-330.111115,-330.111111,-114.524548
1163,-311.666687,-311.666667,-92.667608
1164,-390.666656,-390.666660,-130.890786
1165,-364.555542,-364.555557,-100.509761
1166,-303.777771,-303.777781,-100.943791
1167,-328.333313,-328.333328,-122.259339
1168,-434.555542,-434.555552,-126.557139
1169,-232.111115,-232.111111,-112.473935
1170,-460.444458,-460.444448,-135.788587
1171,-165.444458,-165.444445,-96.761490
1172,-387.555573,-387.555556,-102.467509
1173,-343.888885,-343.888891,-111.444843
1174,-277.555573,-277.555555,-134.277188
1175,-393.888885,-393.888887,-81.697959
1176,-299.000000,-298.999999,-86.755754
1177,-389.111084,-389.111114,-142.820004
1178,-397.777771,-397.777780,-123.633863
1179,-329.222229,-329.222229,-85.122170
1180,-276.222229,-276.222218,-137.571287
1181,-355.000000,-355.000002,-89.200819
1182,-402.666656,-402.666672,-121.131895
1183,-312.555542,-312.555557,-120.952944
1184,-387.111145,-387.111109,-125.468254
1185,-446.777771,-446.777777,-99.936210
1186,-239.111115,-239.111109,-135.886540
1187,-227.666656,-227.666663,-108.674246
1188,-345.555542,-345.555557,-94.432712
1189,-410.555542,-410.555553,-111.631788
1190,-555.666626,-555.666661,-114.390883
1191,-398.666687,-398.666662,-146.481741
1192,-370.888885,-370.888884,-156.460833
1193,-410.666656,-410.666663,-112.252596
1194,-409.666687,-409.666671,-117.334997
1195,-241.444443,-241.444444,-107.849122
1196,-389.111115,-389.111110,-101.552644
1197,-373.000000,-373.000004,-116.094843
1198,-305.333313,-305.333323,-90.848142
1199,-373.555542,-373.555554,-95.707034
1200,-260.666656,-260.666664,-122.517191
1201,-342.666687,-342.666668,-116.381838
1202,-328.666656,-328.666671,-93.390147
1203,-338.222229,-338.222226,-103.071330
1204,-339.888885,-339.888894,-103.168008
1205,-231.555557,-231.555555,-114.176558
1206,-366.333344,-366.333336,-109.124406
1207,-393.888916,-393.888895,-125.025910
1208,-336.888885,-336.888891,-98.189315
1209,-291.888885,-291.888885,-94.899766
1210,-339.222198,-339.222216,-91.749244
1211,-642.000000,-642.000004,-102.993843
1212,-274.222229,-274.222225,-128.674769
1213,-411.222229,-411.222219,-119.687678
1214,-258.111084,-258.111112,-98.417577
1215,-291.666656,-291.666663,-103.994997
1216,-479.222229,-479.222215,-106.838165
1217,-248.888901,-248.888892,-72.633460
1218,-597.666626,-597.666663,-132.345858
1219,-227.555557,-227.555552,-97.200882
1220,-193.000000,-193.000004,-82.658983
1221,-332.666687,-332.666669,-115.794711
1222,-319.333313,-319.333336,-126.862828
1223,-295.777771,-295.777780,-87.579146
1224,-323.666656,-323.666666,-120.096147
1225,-237.444443,-237.444448,-94.201771
1226,-282.000000,-281.999999,-99.913276
1227,-322.333344,-322.333324,-130.698131
1228,-289.888885,-289.888889,-130.402693
1229,-341.777802,-341.777781,-113.963745
1230,-325.000000,-325.000004,-107.156727
1231,-266.888885,-266.888884,-119.991931
1232,-429.555573,-429.555564,-136.823775
1233,-214.333328,-214.333335,-128.935701
1234,-261.444458,-261.444447,-108.280532
1235,-297.444458,-297.444441,-105.248104
1236,-207.888885,-207.888885,-76.408393
1237,-398.444427,-398.444435,-119.668749
1238,-377.222229,-377.222223,-157.439943
1239,-238.888885,-238.888888,-133.673537
1240,-358.888885,-358.888891,-128.618009
1241,-263.888885,-263.888885,-95.258913
1242,-182.666656,-182.666668,-107.519313
1243,-292.333344,-292.333332,-83.843064
1244,-206.222214,-206.222225,-99.323640
1245,-281.222229,-281.222223,-126.282433
1246,-274.888885,-274.888887,-102.993794
1247,-275.666687,-275.666665,-72.664640
1248,-207.444458,-207.444445,-71.190694
1249,-179.333328,-179.333330,-106.968520
1250,-247.888901,-247.888892,-82.869299
1251,-269.222229,-269.222220,-82.997528
1252,-301.666656,-301.666665,-106.856050
1253,-168.222214,-168.222225,-55.874518
1254,-201.222214,-201.222223,-98.268648
1255,-241.666687,-241.666669,-95.959774
1256,-174.444458,-174.444443,-114.138080
1257,-257.444458,-257.444448,-100.972927
1258,-225.222214,-225.222218,-100.928881
1259,-230.111099,-230.111114,-99.309147
1260,-251.888885,-251.888885,-107.303323
1261,-191.555557,-191.555560,-68.923000
1262,-163.000000,-162.999999,-94.601111
1263,-192.666656,-192.666670,-116.160193
1264,-194.666672,-194.666667,-82.961242
1265,-246.444458,-246.444443,-104.639233
1266,-254.777786,-254.777780,-115.220489
1267,-193.555542,-193.555556,-67.914999
1268,-130.333328,-130.333333,-102.627378
1269,-218.333328,-218.333330,-87.232604
1270,-177.888901,-177.888886,-116.884287
1271,-184.777771,-184.777777,-107.365933
1272,-185.333328,-185.333335,-105.914481
1273,-192.555557,-192.555553,-92.495159
1274,-172.666672,-172.666666,-100.365824
1275,-157.666656,-157.666669,-113.744102
1276,-113.888893,-113.888891,-66.822583
1277,-141.000000,-140.999998,-101.326527
1278,-231.333328,-231.333330,-114.043678
1279,-199.999985,-200.000001,-94.633075
1280,-193.222229,-193.222224,-103.593534
1281,-167.000000,-167.000005,-76.035888
1282,-144.888885,-144.888887,-105.027633
1283,-221.444443,-221.444450,-72.000239
1284,-234.666672,-234.666667,-109.865911
1285,-185.333328,-185.333333,-93.435519
1286,-177.888885,-177.888889,-78.361303
1287,-150.555557,-150.555552,-129.184215
1288,-214.000000,-214.000001,-81.511139
1289,-191.444443,-191.444445,-78.920898
1290,-183.222229,-183.222222,-120.399675
1291,-332.777771,-332.777780,-105.507335
1292,-248.888885,-248.888886,-125.634850
1293,-269.888885,-269.888887,-95.741021
1294,-237.666656,-237.666668,-96.058594
1295,-217.555557,-217.555557,-80.222605
1296,-198.000000,-198.000002,-112.010076
1297,-239.444458,-239.444448,-64.869950
1298,-195.111115,-195.111110,-84.871145
1299,-162.333344,-162.333334,-83.409392
1300,-183.666656,-183.666670,-124.157611
1301,-206.555557,-206.555556,-85.129823
1302,-230.444458,-230.444448,-130.377315
1303,-263.444427,-263.444445,-76.878643
1304,-187.000000,-186.999998,-118.955375
1305,-252.444458,-252.444447,-56.424230
1306,-200.888885,-200.888891,-101.126954
1307,-134.444443,-134.444445,-92.326151
1308,-226.111115,-226.111114,-124.151935
1309,-186.222214,-186.222224,-85.372864
1310,-209.444443,-209.444443,-80.416183
1311,-219.444443,-219.444446,-81.287628
1312,-179.444458,-179.444443,-96.481788
1313,-235.111115,-235.111113,-111.075905
1314,-261.222229,-261.222219,-109.175358
1315,-182.888901,-182.888891,-93.141114
1316,-193.666672,-193.666670,-105.496364
1317,-159.222229,-159.222220,-96.813477
1318,-297.555542,-297.555549,-82.351729
1319,-188.777771,-188.777781,-107.855468
1320,-157.000000,-157.000000,-96.112982
1321,-204.555542,-204.555554,-97.161497
1322,-246.111115,-246.111113,-72.308433
1323,-201.444443,-201.444441,-87.620579
1324,-239.444458,-239.444445,-109.378395
1325,-229.111115,-229.111111,-97.842137
1326,-332.111115,-332.111109,-105.814448
1327,-199.111115,-199.111111,-80.917631
1328,-176.666672,-176.666667,-113.560020
1329,-279.111115,-279.111114,-77.132247
1330,-254.666687,-254.666664,-104.552515
1331,-176.777771,-176.777776,-87.780558
1332,-372.555573,-372.555558,-70.977477
1333,-263.222229,-263.222223,-123.625644
1334,-258.666656,-258.666671,-97.390774
1335,-212.666672,-212.666666,-81.963589
1336,-289.222229,-289.222227,-104.309181
1337,-163.222229,-163.222223,-86.950218
1338,-223.444443,-223.444443,-73.034667
1339,-307.666656,-307.666667,-106.441131
1340,-205.222229,-205.222223,-60.685043
1341,-228.333344,-228.333334,-81.322284
1342,-267.777771,-267.777776,-90.398426
1343,-303.333344,-303.333330,-111.104535
1344,-238.111115,-238.111113,-84.476044
1345,-251.111099,-251.111109,-100.806419
1346,-249.666656,-249.666666,-109.387484
1347,-185.888885,-185.888889,-98.470243
1348,-205.666656,-205.666669,-100.598263
1349,-320.444427,-320.444448,-128.418972
1350,-217.333344,-217.333339,-113.732180
1351,-197.111099,-197.111111,-108.717902
1352,-227.666672,-227.666671,-93.663946
1353,-222.222214,-222.222217,-92.518141
1354,-274.111115,-274.111113,-87.671059
1355,-207.666672,-207.666664,-103.162168
1356,-331.888885,-331.888884,-127.249857
1357,-243.666672,-243.666669,-108.801502
1358,-265.666687,-265.666662,-83.991675
1359,-288.777771,-288.777775,-119.097732
1360,-282.111115,-282.111111,-105.813255
1361,-176.666672,-176.666668,-102.506761
1362,-228.333344,-228.333338,-106.575932
1363,-317.666687,-317.666660,-107.108068
1364,-158.111115,-158.111112,-101.879451
1365,-198.666672,-198.666663,-83.224650
1366,-252.222229,-252.222225,-113.334224
1367,-149.444443,-149.444444,-108.933886
1368,-194.555542,-194.555555,-121.332131
1369,-291.333344,-291.333336,-111.529197
1370,-281.333344,-281.333329,-122.598290
1371,-129.111115,-129.111112,-96.389086
1372,-238.888885,-238.888885,-92.180300
1373,-382.888916,-382.888893,-115.452226
1374,-187.777771,-187.777783,-86.520154
1375,-200.444443,-200.444448,-100.481268
1376,-263.333344,-263.333332,-125.858241
1377,-244.888901,-244.888886,-91.194831
1378,-220.555557,-220.555555,-138.773667
1379,-216.333344,-216.333334,-119.723000
1380,-204.666656,-204.666663,-130.559640
1381,-184.888885,-184.888887,-95.334516
1382,-198.333328,-198.333332,-100.360865
1383,-191.222229,-191.222221,-70.941453
1384,-230.666656,-230.666661,-107.700547
1385,-218.888885,-218.888888,-96.881728
1386,-157.666672,-157.666667,-100.165628
1387,-229.555557,-229.555558,-126.786417
1388,-185.777771,-185.777779,-102.666871
1389,-172.000000,-172.000004,-89.167565
1390,-197.777771,-197.777779,-106.728687
1391,-279.333344,-279.333327,-109.950963
1392,-239.333328,-239.333338,-134.779215
1393,-237.777771,-237.777774,-124.305446
1394,-204.555542,-204.555555,-101.139792
1395,-232.333328,-232.333330,-126.225478
1396,-230.888885,-230.888886,-95.942767
1397,-242.777771,-242.777777,-78.091615
1398,-212.555557,-212.555556,-110.903843
1399,-239.000000,-239.000000,-114.028014
1400,-262.777771,-262.777777,-126.176539
1401,-199.000000,-199.000004,-101.736731
1402,-299.888885,-299.888880,-102.350088
1403,-164.111115,-164.111111,-93.510974
1404,-201.444458,-201.444448,-97.087726
1405,-424.333344,-424.333336,-120.155172
1406,-205.333328,-205.333330,-103.252888
1407,-259.222229,-259.222223,-104.356224
1408,-206.666656,-206.666664,-98.551467
1409,-307.666656,-307.666669,-197.931895
1410,-254.000000,-254.000004,-91.075009
1411,-222.111099,-222.111111,-77.545299
1412,-186.222229,-186.222221,-93.749114
1413,-241.444458,-241.444447,-94.241881
1414,-193.777771,-193.777781,-103.576937
1415,-289.888885,-289.888895,-100.809602
1416,-313.666656,-313.666664,-103.657652
1417,-353.111115,-353.111109,-86.257327
1418,-287.666656,-287.666663,-93.063110
1419,-244.666672,-244.666669,-87.947386
1420,-236.777786,-236.777781,-103.736637
1421,-290.666687,-290.666666,-117.697534
1422,-217.000000,-216.999998,-116.955173
1423,-280.222229,-280.222223,-80.110942
1424,-256.111115,-256.111116,-99.346305
1425,-300.000000,-300.000006,-109.121652
1426,-319.222229,-319.222224,-89.546841
1427,-271.666687,-271.666670,-121.540465
1428,-302.222229,-302.222227,-129.678845
1429,-309.222229,-309.222221,-97.105299
1430,-366.111115,-366.111107,-116.949637
1431,-172.555557,-172.555557,-105.917171
1432,-213.111115,-213.111109,-104.256526
1433,-263.222229,-263.222221,-110.918376
1434,-236.666656,-236.666668,-89.666182
1435,-222.888901,-222.888889,-88.876213
1436,-234.444427,-234.444444,-89.218182
1437,-300.111115,-300.111111,-136.561374
1438,-226.444458,-226.444445,-120.960257
1439,-402.222229,-402.222215,-88.974155
1440,-165.444458,-165.444445,-141.038092
1441,-212.444443,-212.444444,-124.245059
1442,-149.666656,-149.666667,-120.095450
1443,-224.777771,-224.777779,-105.676881
1444,-289.333313,-289.333334,-88.940552
1445,-231.222229,-231.222221,-88.038220
1446,-215.888885,-215.888888,-117.247925
1447,-284.333344,-284.333340,-110.018918
1448,-233.333344,-233.333333,-106.213189
1449,-294.333313,-294.333326,-89.173337
1450,-250.111115,-250.111109,-115.821987
1451,-251.888885,-251.888892,-105.473245
1452,-244.333313,-244.333333,-124.553486
1453,-282.222229,-282.222226,-90.892557
1454,-239.777771,-239.777777,-126.005996
1455,-248.666656,-248.666668,-111.418562
1456,-205.555557,-205.555554,-107.058848
1457,-271.777771,-271.777779,-111.772030
1458,-198.222214,-198.222219,-95.666272
1459,-245.444458,-245.444447,-102.547086
1460,-187.444443,-187.444447,-97.300113
1461,-270.444427,-270.444443,-107.777241
1462,-257.888885,-257.888889,-119.876316
1463,-243.222229,-243.222226,-122.363676
1464,-203.222214,-203.222219,-90.628674
1465,-167.777771,-167.777779,-116.578468
1466,-307.222198,-307.222221,-150.926361
1467,-186.444443,-186.444442,-97.402856
1468,-233.888885,-233.888887,-113.159576
1469,-244.666672,-244.666670,-126.514245
1470,-292.444458,-292.444442,-101.420765
1471,-226.222214,-226.222221,-120.060120
1472,-199.111115,-199.111111,-88.535764
1473,-137.333328,-137.333333,-99.682344
1474,-232.000015,-231.999999,-145.986872
1475,-232.888885,-232.888890,-100.184101
1476,-193.555557,-193.555556,-110.366028
1477,-208.555542,-208.555553,-132.167344
1478,-292.111145,-292.111110,-106.129554
1479,-255.777786,-255.777781,-126.443353
1480,-328.222229,-328.222225,-115.819670
1481,-260.888885,-260.888887,-116.697532
1482,-237.333313,-237.333328,-114.896595
1483,-209.555557,-209.555558,-116.654830
1484,-160.555557,-160.555557,-106.556901
1485,-206.888885,-206.888890,-126.212366
1486,-252.888885,-252.888885,-116.681880
1487,-152.000000,-151.999998,-100.598018
1488,-268.666656,-268.666663,-133.317252
1489,-189.555573,-189.555555,-81.644999
1490,-354.888885,-354.888888,-89.944126
1491,-193.555557,-193.555558,-98.671622
1492,-184.444443,-184.444448,-118.853507
1493,-253.333313,-253.333333,-90.088064
1494,-167.666656,-167.666662,-78.448881
1495,-175.222229,-175.222224,-120.935085
1496,-171.111115,-171.111114,-105.884540
1497,-162.000000,-162.000000,-107.152267
1498,-254.444443,-254.444443,-132.515995
1499,-151.888885,-151.888889,-72.611431
1500,-196.333328,-196.333332,-138.165778
